,source,target,color,width,color_rgb,color_alpha
0,Arx,Exoc6b,#e051f71a,1.0091128674216885,#e051f7,200.0
1,Arx,Ralgps2,#e051f71a,1.0040757211138078,#e051f7,200.0
2,Arx,Usp7,#e051f71a,1.0082059631895224,#e051f7,200.0
3,Arx,Uqcr11,#e051f71a,1.0061551343554065,#e051f7,200.0
4,Arx,Spire1,#e051f71a,1.0022825358192264,#e051f7,200.0
5,Atf4,Pxk,#6620af1a,1.000488811835205,#6620af,200.0
6,Chd2,Dazap1,#f4463d1a,1.0088226623911658,#f4463d,200.0
7,Chd2,Kif21a,#f4463d1a,1.0470837401959352,#f4463d,200.0
8,Chd2,Sox6,#f4463d1a,1.0051043757025804,#f4463d,200.0
9,Chd2,Fzd3,#f4463d1a,1.0082702709853848,#f4463d,200.0
10,Chd2,Afg3l1,#f4463d1a,1.0069194395391003,#f4463d,200.0
11,Chd2,Sugt1,#f4463d1a,1.0191254592901782,#f4463d,200.0
12,Chd2,Ptprz1,#f4463d1a,1.0043099956006896,#f4463d,200.0
13,Chd2,Anapc5,#f4463d1a,1.0189866523819755,#f4463d,200.0
14,Chd2,Sox2,#f4463d1a,1.007814023085805,#f4463d,200.0
15,Chd2,Grsf1,#f4463d1a,1.0019714712411552,#f4463d,200.0
16,Chd2,Usp1,#f4463d1d,1.0559237835631778,#f4463d,200.72052401746723
17,Chd2,Gcc2,#f4463d1a,1.0032012639209111,#f4463d,200.0
18,Chd2,Fnbp4,#f4463d1a,1.007414883307226,#f4463d,200.0
19,Chd2,Pdia4,#f4463d1a,1.0040087709132681,#f4463d,200.0
20,Chd2,Trp53,#f4463d1a,1.008155379784767,#f4463d,200.0
21,Chd2,Spire1,#f4463d1a,1.007087144123686,#f4463d,200.0
22,Chd2,Syne2,#f4463d1a,1.019022450660895,#f4463d,200.0
23,Chd2,Arhgap21,#f4463d1a,1.0101226985031508,#f4463d,200.0
24,Chd2,Acadm,#f4463d1a,1.002267419088567,#f4463d,200.0
25,Chd2,Ptpn13,#f4463d1a,1.0230862693563694,#f4463d,200.0
26,Cnot3,Afg3l1,#e14eb11a,1.0034797103815554,#e14eb1,200.0
27,Cnot3,Smdt1,#e14eb11a,1.006349641252872,#e14eb1,200.0
28,Cnot3,Actr2,#e14eb11a,1.009040251815482,#e14eb1,200.0
29,Cnot3,Fzd3,#e14eb11a,1.0037744237588044,#e14eb1,200.0
30,Cnot3,Apc2,#e14eb11a,1.0031502559646657,#e14eb1,200.0
31,Cnot3,Hmg20b,#e14eb11a,1.0026730545614737,#e14eb1,200.0
32,Cnot3,Rev1,#e14eb11a,1.0028397123375088,#e14eb1,200.0
33,Cnot3,Pdia4,#e14eb11a,1.0113856707300708,#e14eb1,200.0
34,Cnot3,Sox9,#e14eb11a,1.0057779351630032,#e14eb1,200.0
35,Cnot3,Igsf8,#e14eb11a,1.0050457885613249,#e14eb1,200.0
36,Cnot3,Lrp1,#e14eb11a,1.0033566771541271,#e14eb1,200.0
37,Cnot3,Aplp2,#e14eb11a,1.0025530906521105,#e14eb1,200.0
38,Cnot3,Ndufs7,#e14eb11a,1.0026242781664358,#e14eb1,200.0
39,Cnot3,Myo10,#e14eb11a,1.015837754731343,#e14eb1,200.0
40,Elf2,Mrps35,#298dd21a,1.0000211997546717,#298dd2,200.0
41,Emx1,Dnajc2,#25103a1a,1.0032095301951849,#25103a,200.0
42,Emx2,Celsr1,#cc12a91a,1.024164319944107,#cc12a9,200.0
43,En2,Tle1,#2a7a741a,1.0254365278912374,#2a7a74,200.0
44,En2,Pax3,#2a7a741a,1.017764042094537,#2a7a74,200.0
45,En2,Msi1,#2a7a741a,1.0054651577855727,#2a7a74,200.0
46,En2,Pou3f2,#2a7a743f,1.122780070808961,#2a7a74,208.88646288209605
47,En2,Robo3,#2a7a741a,1.0422814458550176,#2a7a74,200.0
48,En2,Trp53i11,#2a7a741a,1.0181178686417598,#2a7a74,200.0
49,En2,Rfx4,#2a7a741a,1.008371805352207,#2a7a74,200.0
50,En2,Tuba1a,#2a7a741a,1.037114186885336,#2a7a74,200.0
51,En2,Sox9,#2a7a741a,1.0035513500036468,#2a7a74,200.0
52,En2,Rnaseh2b,#2a7a741a,1.0096521665972154,#2a7a74,200.0
53,En2,Ano1,#2a7a741b,1.0512416335295687,#2a7a74,200.24017467248908
54,Fezf2,Fgfr3,#bdf0a51a,1.002917695090237,#bdf0a5,200.0
55,Hoxb5,Rbp1,#b70d811a,1.0097549383369302,#b70d81,200.0
56,Hoxb5,Meis1,#b70d811a,1.01656727830012,#b70d81,200.0
57,Hoxb5,Ttc4,#b70d811a,1.006105358247377,#b70d81,200.0
58,Hoxb5,Fgfr3,#b70d811a,1.005514675981687,#b70d81,200.0
59,Hoxb8,Rbp1,#d68a3227,1.0747856945853205,#d68a32,203.12227074235807
60,Hoxb8,Fgfr3,#d68a321a,1.0059745087126137,#d68a32,200.0
61,Hoxb8,Lrp1,#d68a321a,1.007779803847909,#d68a32,200.0
62,Hoxb9,Cuedc1,#837ff91a,1.012934768819963,#837ff9,200.0
63,Klf13,Dennd1a,#4a80791a,1.0075414760509074,#4a8079,200.0
64,Klf13,Reep3,#4a80791a,1.0028746714723549,#4a8079,200.0
65,Klf13,Ubr1,#4a80791a,1.0017195800364735,#4a8079,200.0
66,Klf13,Mpc2,#4a80791a,1.0028486998184882,#4a8079,200.0
67,Klf13,Ephb1,#4a80791a,1.0149765992726636,#4a8079,200.0
68,Klf13,Pou3f2,#4a80791a,1.0251666564460513,#4a8079,200.0
69,Klf13,Lsamp,#4a80791a,1.0017226269368433,#4a8079,200.0
70,Klf13,Jam2,#4a80791a,1.001672458067766,#4a8079,200.0
71,Klf13,Col2a1,#4a80791a,1.0050165773275854,#4a8079,200.0
72,Klf13,Snw1,#4a80791a,1.0275855997314987,#4a8079,200.0
73,Klf13,Cdh8,#4a80791a,1.0159625552696017,#4a8079,200.0
74,Klf13,Pdcd5,#4a80791a,1.001229549678389,#4a8079,200.0
75,Klf14,Col2a1,#e2cd531a,1.0430894734578533,#e2cd53,200.0
76,Klf14,Tnnt3,#e2cd531a,1.0409246821083786,#e2cd53,200.0
77,Klf14,Acan,#e2cd531a,1.0087319590069337,#e2cd53,200.0
78,Klf4,Col1a1,#f28c5437,1.1067964451477672,#f28c54,206.9650655021834
79,Klf4,Col9a1,#f28c541a,1.004711894614843,#f28c54,200.0
80,Klf4,Col11a1,#f28c541a,1.0124132116198665,#f28c54,200.0
81,Klf4,Col11a2,#f28c541a,1.00803749879527,#f28c54,200.0
82,Klf7,Kif5a,#59283b1a,1.0295819970223976,#59283b,200.0
83,Klf7,Chd5,#59283b1a,1.0053100719927714,#59283b,200.0
84,Klf7,Gap43,#59283b2d,1.087014902220112,#59283b,204.56331877729258
85,Klf7,Prkar2b,#59283b1a,1.0162664981868261,#59283b,200.0
86,Klf7,Lsamp,#59283b1a,1.00380662509397,#59283b,200.0
87,Klf7,Afg3l1,#59283b1a,1.0048529718688968,#59283b,200.0
88,Klf7,Tnik,#59283b1a,1.022777595027763,#59283b,200.0
89,Klf7,Atp1a2,#59283b1a,1.0184438025705222,#59283b,200.0
90,Klf7,Helz,#59283b1a,1.0337559935585166,#59283b,200.0
91,Klf7,Rbfox3,#59283b1a,1.0038917430590255,#59283b,200.0
92,Klf7,Klf7,#59283b43,1.129381428879747,#59283b,209.84716157205239
93,Klf7,Rab3c,#59283b1a,1.0160251228863564,#59283b,200.0
94,Klf7,Apc2,#59283b1a,1.026202320714045,#59283b,200.0
95,Klf7,Jph4,#59283b1a,1.0259376622647653,#59283b,200.0
96,Klf7,Bzw2,#59283b1a,1.0226848748848243,#59283b,200.0
97,Klf7,Dnm3,#59283b1a,1.0372617643869133,#59283b,200.0
98,Klf7,Dazap1,#59283b1a,1.0048805971541392,#59283b,200.0
99,Klf7,Ephb1,#59283b1a,1.007380095952569,#59283b,200.0
100,Klf7,Mapt,#59283b22,1.0656302031335219,#59283b,201.92139737991266
101,Klf7,Smarca2,#59283b1a,1.0061357503170243,#59283b,200.0
102,Klf7,Arl3,#59283b1a,1.0066141521780674,#59283b,200.0
103,Klf7,Ndufs7,#59283b1a,1.0168701879145063,#59283b,200.0
104,Klf7,Celf5,#59283b1a,1.0289360059866115,#59283b,200.0
105,Klf7,Tnks,#59283b1a,1.0292541405038955,#59283b,200.0
106,Klf7,Agtpbp1,#59283b1a,1.0366214465093908,#59283b,200.0
107,Klf7,Bcl11a,#59283b1a,1.0142439014378433,#59283b,200.0
108,Klf7,Mpc2,#59283b1a,1.0043530099894769,#59283b,200.0
109,Klf7,Phyhipl,#59283b1a,1.0066543776136532,#59283b,200.0
110,Klf7,Atp6v0a1,#59283b1a,1.005589997347734,#59283b,200.0
111,Klf7,Cacng4,#59283b1a,1.0358479347450196,#59283b,200.0
112,Klf7,Kif13b,#59283b1a,1.0065074871901971,#59283b,200.0
113,Klf7,Dctn1,#59283b1a,1.0170763615405036,#59283b,200.0
114,Klf7,Crmp1,#59283b1a,1.0112798184106846,#59283b,200.0
115,Klf7,Pclo,#59283b1a,1.0276771835689822,#59283b,200.0
116,Klf7,Anapc5,#59283b1a,1.0118118073803588,#59283b,200.0
117,Klf7,Atp1b1,#59283b1a,1.013936321690152,#59283b,200.0
118,Klf7,Rims2,#59283b1a,1.0147144850608651,#59283b,200.0
119,Klf7,Stmn2,#59283b2b,1.0817452741176856,#59283b,204.0829694323144
120,Klf7,Zc3h15,#59283b1a,1.0047569223103234,#59283b,200.0
121,Klf7,Atl1,#59283b25,1.0699860873375622,#59283b,202.64192139737992
122,Klf7,Nfasc,#59283b1a,1.0344297053810945,#59283b,200.0
123,Klf7,Ctnna2,#59283b1a,1.0087365387348601,#59283b,200.0
124,Klf7,Cox6b1,#59283b1a,1.0372117957803804,#59283b,200.0
125,Klf7,Tsc22d1,#59283b1a,1.0225572256760025,#59283b,200.0
126,Klf7,Rufy3,#59283b1a,1.0376694874687429,#59283b,200.0
127,Klf7,Mapre1,#59283b1a,1.0460688500578237,#59283b,200.0
128,Klf7,Acbd5,#59283b1a,1.0072415064184232,#59283b,200.0
129,Klf7,Kif1a,#59283b1a,1.0196530681428084,#59283b,200.0
130,Klf7,Slco5a1,#59283b1a,1.0140271814608521,#59283b,200.0
131,Klf7,Gcc2,#59283b1a,1.0106217016148633,#59283b,200.0
132,Lhx1,Cdk14,#133f531a,1.0044695060752464,#133f53,200.0
133,Lhx1,Robo3,#133f531a,1.0119630989280468,#133f53,200.0
134,Lhx1,Tle1,#133f531a,1.038635040720149,#133f53,200.0
135,Lhx1,Myt1l,#133f531a,1.0138121050033913,#133f53,200.0
136,Lhx1,Epha5,#133f531a,1.0109876904205213,#133f53,200.0
137,Lhx1,Tenm2,#133f531d,1.055055184570043,#133f53,200.72052401746723
138,Lhx1,Enc1,#133f531a,1.009964230787369,#133f53,200.0
139,Lhx1,Cadps,#133f5320,1.0605094696326636,#133f53,201.44104803493448
140,Lhx1,Tuba1a,#133f531a,1.0369264122682325,#133f53,200.0
141,Lhx1,Usp7,#133f531a,1.004012896708275,#133f53,200.0
142,Lhx1,Bag6,#133f531a,1.007132198343118,#133f53,200.0
143,Lhx4,Enc1,#b5e8771a,1.006759319556041,#b5e877,200.0
144,Lhx4,Clasp2,#b5e8771a,1.0056008502785576,#b5e877,200.0
145,Lhx5,Map2k2,#a1fc651a,1.0056834342630934,#a1fc65,200.0
146,Lhx5,Atp1b1,#a1fc651d,1.0556143614242655,#a1fc65,200.72052401746723
147,Nfe2l1,Pcdh10,#ce24911c,1.0522594650781067,#ce2491,200.48034934497815
148,Nfe2l1,Gap43,#ce24911a,1.0108988449397764,#ce2491,200.0
149,Nfe2l1,Wwc1,#ce24911a,1.0028744063229245,#ce2491,200.0
150,Nfe2l1,Phyhipl,#ce24911a,1.019073646149693,#ce2491,200.0
151,Nfe2l1,Mt3,#ce24911a,1.0258833569971366,#ce2491,200.0
152,Nfe2l1,Nol7,#ce24911a,1.0113540573897317,#ce2491,200.0
153,Nfe2l1,Lsamp,#ce24911a,1.0122348537098913,#ce2491,200.0
154,Nfe2l1,Ano1,#ce24911a,1.0021334160506017,#ce2491,200.0
155,Nfe2l1,Pds5a,#ce24911a,1.0075536679081478,#ce2491,200.0
156,Nfe2l1,Gbf1,#ce24911a,1.0063967589017342,#ce2491,200.0
157,Nfe2l1,Tmem59,#ce24911a,1.0040405723694776,#ce2491,200.0
158,Nfe2l1,Ctnnd2,#ce24911a,1.0042734741260224,#ce2491,200.0
159,Nfe2l1,Pdia4,#ce24911a,1.035230113753892,#ce2491,200.0
160,Nfe2l1,Folr1,#ce24911a,1.0026010434699868,#ce2491,200.0
161,Nfe2l1,Foxg1,#ce24911a,1.0026005094982313,#ce2491,200.0
162,Nfe2l1,Cadm4,#ce24911a,1.0090749622610868,#ce2491,200.0
163,Nfe2l1,Crmp1,#ce24911a,1.0093173961929558,#ce2491,200.0
164,Nfia,Slc1a3,#75de0f1a,1.015513093321915,#75de0f,200.0
165,Nfia,Nfia,#75de0fa2,1.3169872621064695,#75de0f,232.66375545851528
166,Nfia,Reep3,#75de0f1a,1.0240897419528683,#75de0f,200.0
167,Nfia,Dennd1a,#75de0f1a,1.003575988025502,#75de0f,200.0
168,Nfia,Wwc1,#75de0f26,1.0734204622315464,#75de0f,202.882096069869
169,Nfia,Fgfr3,#75de0f1a,1.0317992718454683,#75de0f,200.0
170,Nfia,Sorbs2,#75de0f1a,1.002848528850084,#75de0f,200.0
171,Nfia,Mt3,#75de0f1a,1.003252044846679,#75de0f,200.0
172,Nfia,Srgap3,#75de0f1a,1.0059913076407108,#75de0f,200.0
173,Nfia,Nfib,#75de0f73,1.2243048448379454,#75de0f,221.3755458515284
174,Nfia,Prex1,#75de0f2e,1.089393049961593,#75de0f,204.80349344978166
175,Nfia,Draxin,#75de0f1a,1.0043624437259657,#75de0f,200.0
176,Nfia,Sox2,#75de0f1a,1.0066692417597758,#75de0f,200.0
177,Nfia,Kif21a,#75de0f1a,1.0320973117903798,#75de0f,200.0
178,Nfia,Cuedc1,#75de0f1a,1.0044410039890221,#75de0f,200.0
179,Nfia,Tiam2,#75de0f1a,1.0163848116301255,#75de0f,200.0
180,Nfia,Fabp7,#75de0f1a,1.0249980253137547,#75de0f,200.0
181,Nfia,Adamts3,#75de0f1a,1.009307226770592,#75de0f,200.0
182,Nfia,Tspan18,#75de0f1a,1.0096770054479303,#75de0f,200.0
183,Nfia,Celsr1,#75de0f1a,1.0082211913760488,#75de0f,200.0
184,Nfia,Vangl2,#75de0f1a,1.0497830507489934,#75de0f,200.0
185,Nfia,Ttyh1,#75de0f23,1.0671636049081774,#75de0f,202.16157205240174
186,Nfia,Eif5,#75de0f1a,1.0041214687169253,#75de0f,200.0
187,Nfia,Atp1a2,#75de0f1a,1.0165489143952435,#75de0f,200.0
188,Nfia,Nav2,#75de0f1a,1.0134883428363362,#75de0f,200.0
189,Nfia,Kat6b,#75de0f1a,1.0110354960321093,#75de0f,200.0
190,Nfia,Hsd17b12,#75de0f1a,1.015716163586101,#75de0f,200.0
191,Nfia,Atxn10,#75de0f1a,1.0096780267755368,#75de0f,200.0
192,Nfia,Kcnk10,#75de0f1a,1.010082991383914,#75de0f,200.0
193,Nfia,Nckap5,#75de0f34,1.1007711266453861,#75de0f,206.24454148471614
194,Nfia,Igsf8,#75de0f1a,1.0267127108139373,#75de0f,200.0
195,Nfia,Mpdz,#75de0f1a,1.0162391632958157,#75de0f,200.0
196,Nfia,Cox6b1,#75de0f1a,1.0047027665505508,#75de0f,200.0
197,Nfia,Fgfbp3,#75de0f1a,1.0246361730675833,#75de0f,200.0
198,Nfia,Elavl2,#75de0f1a,1.0053760911447356,#75de0f,200.0
199,Nfib,Slc1a3,#9789e11d,1.0553831315254196,#9789e1,200.72052401746723
200,Nfib,Nfia,#9789e18d,1.2756964857441013,#9789e1,227.62008733624452
201,Nfib,Reep3,#9789e11c,1.0524446419906592,#9789e1,200.48034934497815
202,Nfib,Lipg,#9789e11a,1.0206799152170607,#9789e1,200.0
203,Nfib,Schip1,#9789e120,1.061167323227624,#9789e1,201.44104803493448
204,Nfib,Robo3,#9789e11a,1.0147245171155972,#9789e1,200.0
205,Nfib,Fez1,#9789e11a,1.02683591997567,#9789e1,200.0
206,Nfib,Wwc1,#9789e14f,1.1533499919293624,#9789e1,212.72925764192138
207,Nfib,Fgfr3,#9789e11a,1.041282293650835,#9789e1,200.0
208,Nfib,Mt3,#9789e12f,1.0910218645848209,#9789e1,205.04366812227073
209,Nfib,Tle1,#9789e11a,1.017056036811966,#9789e1,200.0
210,Nfib,Srgap3,#9789e11a,1.0361641339359695,#9789e1,200.0
211,Nfib,Nfib,#9789e1f3,1.4755142673601074,#9789e1,252.11790393013098
212,Nfib,Ephb1,#9789e11a,1.0142742401106688,#9789e1,200.0
213,Nfib,Prex1,#9789e11e,1.0563139668492298,#9789e1,200.96069868995633
214,Nfib,Draxin,#9789e130,1.091932812236628,#9789e1,205.2838427947598
215,Nfib,Sox2,#9789e137,1.106619546234015,#9789e1,206.9650655021834
216,Nfib,Kif21a,#9789e13c,1.116318949138882,#9789e1,208.1659388646288
217,Nfib,Cuedc1,#9789e11f,1.0584397559967849,#9789e1,201.2008733624454
218,Nfib,Tiam2,#9789e14d,1.1504439067154446,#9789e1,212.24890829694323
219,Nfib,Enc1,#9789e11a,1.0296955853911463,#9789e1,200.0
220,Nfib,Fabp7,#9789e128,1.0758180916787616,#9789e1,203.36244541484714
221,Nfib,Adamts3,#9789e11a,1.0133156043060123,#9789e1,200.0
222,Nfib,Tspan18,#9789e11a,1.03596856462954,#9789e1,200.0
223,Nfib,Celsr1,#9789e11a,1.0466773274452743,#9789e1,200.0
224,Nfib,Tenm2,#9789e11a,1.0201832495043426,#9789e1,200.0
225,Nfib,Cct3,#9789e12d,1.0874053390231468,#9789e1,204.56331877729258
226,Nfib,Vangl2,#9789e164,1.1942863871179599,#9789e1,217.77292576419214
227,Nfib,Ttyh1,#9789e13c,1.116337420191695,#9789e1,208.1659388646288
228,Nfib,Atp1a2,#9789e122,1.0652894018970396,#9789e1,201.92139737991266
229,Nfib,Nav2,#9789e15d,1.180826219967937,#9789e1,216.09170305676855
230,Nfib,Fyn,#9789e11a,1.0241366667493084,#9789e1,200.0
231,Nfib,Mapre1,#9789e11a,1.0135410633310586,#9789e1,200.0
232,Nfib,Kat6b,#9789e12e,1.0883648111025128,#9789e1,204.80349344978166
233,Nfib,Hsd17b12,#9789e11a,1.035742691581674,#9789e1,200.0
234,Nfib,Atxn10,#9789e11a,1.034247696635022,#9789e1,200.0
235,Nfib,Lrp1,#9789e11a,1.0384260671373673,#9789e1,200.0
236,Nfib,Nckap5,#9789e12c,1.0849155177646637,#9789e1,204.32314410480348
237,Nfib,Trp53,#9789e11a,1.0398852873238378,#9789e1,200.0
238,Nfib,Igsf8,#9789e11a,1.037902252454836,#9789e1,200.0
239,Nfib,Ncapd3,#9789e11b,1.0509578301226628,#9789e1,200.24017467248908
240,Nfib,Trp53i11,#9789e11a,1.0199434855822045,#9789e1,200.0
241,Nfib,Mpdz,#9789e11a,1.0279716033184865,#9789e1,200.0
242,Nfib,Ccnd2,#9789e11a,1.0122001402790808,#9789e1,200.0
243,Nfib,Fgfbp3,#9789e11a,1.0194667632179812,#9789e1,200.0
244,Nfib,Elavl2,#9789e130,1.0918058309541794,#9789e1,205.2838427947598
245,Nfix,Slc1a3,#cf877325,1.0716116458712994,#cf8773,202.64192139737992
246,Nfix,Nfia,#cf87736e,1.2137234284320761,#cf8773,220.17467248908295
247,Nfix,Reep3,#cf87731a,1.0049877366980338,#cf8773,200.0
248,Nfix,Dennd1a,#cf87731a,1.0218050215442585,#cf8773,200.0
249,Nfix,Lipg,#cf87731a,1.0045918315382352,#cf8773,200.0
250,Nfix,Wwc1,#cf87731a,1.0050887098156671,#cf8773,200.0
251,Nfix,Fgfr3,#cf87731a,1.0489924238603532,#cf8773,200.0
252,Nfix,Mt3,#cf87731a,1.0263744406645912,#cf8773,200.0
253,Nfix,Srgap3,#cf87731a,1.0041731225689547,#cf8773,200.0
254,Nfix,Ephb1,#cf87731a,1.0064086108705252,#cf8773,200.0
255,Nfix,Nfib,#cf8773c3,1.382645313826251,#cf8773,240.589519650655
256,Nfix,Draxin,#cf87731a,1.0235362834877635,#cf8773,200.0
257,Nfix,Sox2,#cf87731a,1.007207019678982,#cf8773,200.0
258,Nfix,Cuedc1,#cf87731a,1.007269910574946,#cf8773,200.0
259,Nfix,Fabp7,#cf877325,1.0710066746047615,#cf8773,202.64192139737992
260,Nfix,Tspan18,#cf87731a,1.0184018510384576,#cf8773,200.0
261,Nfix,R3hdm2,#cf87731a,1.0051401464820149,#cf8773,200.0
262,Nfix,Emx2,#cf87731a,1.0365881823753749,#cf8773,200.0
263,Nfix,Celsr1,#cf87731a,1.033933616843793,#cf8773,200.0
264,Nfix,Tenm2,#cf87731a,1.0091849921745037,#cf8773,200.0
265,Nfix,Vangl2,#cf87731a,1.0182815673784797,#cf8773,200.0
266,Nfix,Ttyh1,#cf87732c,1.0848424498431397,#cf8773,204.32314410480348
267,Nfix,Atp1a2,#cf87731a,1.0205346976547618,#cf8773,200.0
268,Nfix,Nav2,#cf87731a,1.0099992369350685,#cf8773,200.0
269,Nfix,Kat6b,#cf87731a,1.0148877809985117,#cf8773,200.0
270,Nfix,Hsd17b12,#cf87731a,1.0186090861380157,#cf8773,200.0
271,Nfix,Nckap5,#cf87731a,1.005193841686918,#cf8773,200.0
272,Nfix,Sparcl1,#cf87731a,1.0150686466148346,#cf8773,200.0
273,Nfix,Mpdz,#cf87731a,1.0035106240713147,#cf8773,200.0
274,Nfix,Ccnd2,#cf87731a,1.0038648707134776,#cf8773,200.0
275,Nfix,Fgfbp3,#cf87731a,1.004836420711703,#cf8773,200.0
276,Nfix,Elavl2,#cf87731a,1.0061278362129156,#cf8773,200.0
277,Nfyb,Syne2,#5af45a1a,1.0011973684419944,#5af45a,200.0
278,Nfyb,Tnik,#5af45a1a,1.0006372851779537,#5af45a,200.0
279,Nfyb,Mras,#5af45a1a,1.010287871309967,#5af45a,200.0
280,Nfyb,Elavl2,#5af45a1a,1.0044920931409833,#5af45a,200.0
281,Nfyb,Slit1,#5af45a1a,1.0032687389886275,#5af45a,200.0
282,Nfyb,Cdkn1b,#5af45a1a,1.0028879035148583,#5af45a,200.0
283,Nfyc,Map2k2,#f025e21a,1.0016472289442118,#f025e2,200.0
284,Nfyc,Meis1,#f025e21a,1.000505049878186,#f025e2,200.0
285,Pax3,Vim,#9f0e5b1a,1.0132003372625569,#9f0e5b,200.0
286,Pax3,Atp1a2,#9f0e5b1a,1.0104498013409042,#9f0e5b,200.0
287,Pax3,Pax3,#9f0e5b41,1.1250816460405495,#9f0e5b,209.36681222707423
288,Pax6,Nr2f1,#b0d5fc1a,1.0145054632639776,#b0d5fc,200.0
289,Pax6,Anp32e,#b0d5fc1a,1.0083793783024149,#b0d5fc,200.0
290,Pax6,Msi1,#b0d5fc1a,1.0052901533833696,#b0d5fc,200.0
291,Pax6,Aspm,#b0d5fc1a,1.002059114833794,#b0d5fc,200.0
292,Pax6,Celsr1,#b0d5fc1a,1.0166513366480028,#b0d5fc,200.0
293,Pax6,Mt3,#b0d5fc24,1.069453499933452,#b0d5fc,202.4017467248908
294,Pax6,Tacc3,#b0d5fc1a,1.004285817275743,#b0d5fc,200.0
295,Pax6,Snw1,#b0d5fc1a,1.0215533665968832,#b0d5fc,200.0
296,Pax6,Rbp1,#b0d5fc1a,1.012336829167754,#b0d5fc,200.0
297,Pax6,Sox9,#b0d5fc1a,1.0022299561966939,#b0d5fc,200.0
298,Pax6,Rnaseh2b,#b0d5fc1a,1.0058597783554537,#b0d5fc,200.0
299,Pax6,Pdcd5,#b0d5fc1a,1.0028126103668287,#b0d5fc,200.0
300,Pax6,Fgfr3,#b0d5fc1a,1.0193538945280225,#b0d5fc,200.0
301,Pbx1,Hmgb1,#934f491a,1.0359356609067965,#934f49,200.0
302,Pbx1,Ubr1,#934f491a,1.0417636196961255,#934f49,200.0
303,Pbx1,Zfp326,#934f491a,1.0377332172811342,#934f49,200.0
304,Pbx1,Tnik,#934f491a,1.0439185639401,#934f49,200.0
305,Pbx1,N4bp2,#934f491a,1.025462697593987,#934f49,200.0
306,Pbx1,Eif5,#934f491a,1.0401626502856098,#934f49,200.0
307,Pbx1,Rab3c,#934f491a,1.0110990437478207,#934f49,200.0
308,Pbx1,Clasp2,#934f491a,1.0145320414990067,#934f49,200.0
309,Pbx1,Secisbp2l,#934f491d,1.0552780448654184,#934f49,200.72052401746723
310,Pbx1,Ccdc50,#934f491a,1.0187588566483845,#934f49,200.0
311,Pbx1,Pou3f2,#934f4920,1.0605959834926597,#934f49,201.44104803493448
312,Pbx1,Meis1,#934f491a,1.0107772848818608,#934f49,200.0
313,Pbx1,Cdh8,#934f491a,1.0261562783579168,#934f49,200.0
314,Pbx1,Snrpd2,#934f491a,1.0226424102300027,#934f49,200.0
315,Pbx1,Elavl2,#934f494c,1.1478218202790378,#934f49,212.00873362445415
316,Pbx1,Dnm3,#934f491a,1.0214791652254223,#934f49,200.0
317,Pbx1,Atp6v0a1,#934f491a,1.0456751507758857,#934f49,200.0
318,Pbx1,Cadps,#934f491a,1.015040804436297,#934f49,200.0
319,Pbx1,Tuba1a,#934f491a,1.023512017249666,#934f49,200.0
320,Pbx1,Dctn1,#934f491a,1.0243804709249564,#934f49,200.0
321,Pbx1,Uqcr11,#934f491a,1.0151714855735572,#934f49,200.0
322,Pbx1,Gnl2,#934f493f,1.1210772708048506,#934f49,208.88646288209605
323,Pbx1,Atox1,#934f491a,1.0205040415614386,#934f49,200.0
324,Pbx1,Arhgap21,#934f491a,1.0425262567293803,#934f49,200.0
325,Pbx1,Mpdz,#934f491a,1.0125296083067874,#934f49,200.0
326,Pbx1,R3hdm2,#934f491a,1.038386387223158,#934f49,200.0
327,Pbx1,Arpp21,#934f491a,1.0287320197972576,#934f49,200.0
328,Pbx1,Anapc5,#934f491a,1.0199163447715809,#934f49,200.0
329,Pbx1,Nrd1,#934f491a,1.0245393430623526,#934f49,200.0
330,Pbx1,Tcp1,#934f491a,1.0172692324720214,#934f49,200.0
331,Pbx1,Nfasc,#934f491a,1.022221656664697,#934f49,200.0
332,Pbx1,Wwc1,#934f491a,1.023551368839304,#934f49,200.0
333,Pbx1,Spcs2,#934f491a,1.0146793186268594,#934f49,200.0
334,Pbx1,Cep70,#934f491a,1.0111670888347757,#934f49,200.0
335,Pbx1,Rnps1,#934f491a,1.0341561933819752,#934f49,200.0
336,Pbx1,Ifrd1,#934f491a,1.0149630087047639,#934f49,200.0
337,Pbx1,Tsc22d1,#934f491a,1.0344360849579104,#934f49,200.0
338,Pbx1,Dazap1,#934f491a,1.0187265723962076,#934f49,200.0
339,Pbx1,Cct3,#934f491b,1.0505369567935976,#934f49,200.24017467248908
340,Pbx1,Exoc6b,#934f491a,1.0384464791989414,#934f49,200.0
341,Pbx1,Map2k2,#934f491a,1.041302474305302,#934f49,200.0
342,Pbx1,Rnf165,#934f491a,1.0285000876040693,#934f49,200.0
343,Pbx1,Epha3,#934f491a,1.0285847851683632,#934f49,200.0
344,Phf21a,Lrp1,#6a47d61a,1.0026967095440487,#6a47d6,200.0
345,Plagl1,Sox9,#90886d1a,1.0030073941116393,#90886d,200.0
346,Plagl1,Ttyh1,#90886d1a,1.0037497738199765,#90886d,200.0
347,Plagl1,Pax6,#90886d1a,1.008519750821097,#90886d,200.0
348,Plagl1,Col11a1,#90886d1a,1.015529987585324,#90886d,200.0
349,Plagl1,Ppp1r1a,#90886d1a,1.001040388862534,#90886d,200.0
350,Plagl1,Col9a1,#90886d1a,1.017368558319676,#90886d,200.0
351,Plagl1,Acan,#90886d1a,1.0197309679484683,#90886d,200.0
352,Pou3f2,Csmd2,#d79b9e1a,1.0114959533131886,#d79b9e,200.0
353,Pou3f2,Nedd4l,#d79b9e1a,1.0034742824751357,#d79b9e,200.0
354,Pou3f2,Ncan,#d79b9e1a,1.005782542660073,#d79b9e,200.0
355,Pou3f2,Vezf1,#d79b9e1a,1.0051012207011019,#d79b9e,200.0
356,Pou3f2,Kif21a,#d79b9e1a,1.004005070762922,#d79b9e,200.0
357,Pou3f2,Aspm,#d79b9e1a,1.0123427707520756,#d79b9e,200.0
358,Pou3f2,Celsr2,#d79b9e1a,1.0382278469807058,#d79b9e,200.0
359,Pou3f2,Sox2,#d79b9e1a,1.0049074965332319,#d79b9e,200.0
360,Pou3f2,Robo3,#d79b9e1a,1.0097691535407927,#d79b9e,200.0
361,Pou3f2,Pak3,#d79b9e1c,1.0527523418641807,#d79b9e,200.48034934497815
362,Pou3f2,Msi1,#d79b9e1a,1.02645184554638,#d79b9e,200.0
363,Pou3f2,Fez1,#d79b9e1a,1.0032508786499774,#d79b9e,200.0
364,Pou3f2,Cadm4,#d79b9e1a,1.002560388738869,#d79b9e,200.0
365,Pou3f2,Igsf8,#d79b9e1a,1.0169978208297974,#d79b9e,200.0
366,Pou3f2,Phyhipl,#d79b9e1a,1.0094630815122574,#d79b9e,200.0
367,Pou3f2,Srgap3,#d79b9e1a,1.0154896583705704,#d79b9e,200.0
368,Pou3f2,Ntrk2,#d79b9e1a,1.0042704066369847,#d79b9e,200.0
369,Pou3f2,Nfia,#d79b9e1a,1.0051355225950735,#d79b9e,200.0
370,Pou3f2,Tuba1a,#d79b9e1a,1.0077998839415445,#d79b9e,200.0
371,Pou3f2,Schip1,#d79b9e1a,1.0167416799412123,#d79b9e,200.0
372,Pou3f2,Fabp7,#d79b9e1a,1.0034161520776854,#d79b9e,200.0
373,Pou3f2,Notch1,#d79b9e1a,1.0156872125068985,#d79b9e,200.0
374,Pou3f2,Ttyh1,#d79b9e1a,1.03050067330363,#d79b9e,200.0
375,Pou3f2,Celsr1,#d79b9e1a,1.0044938516558453,#d79b9e,200.0
376,Pou3f2,Hmgb2,#d79b9e1a,1.0154694111290472,#d79b9e,200.0
377,Pou3f2,Pou3f2,#d79b9e78,1.2351526039195992,#d79b9e,222.5764192139738
378,Pou3f2,Pax3,#d79b9e1a,1.0321957238845458,#d79b9e,200.0
379,Pou3f2,Tsc22d1,#d79b9e1a,1.0072137490269506,#d79b9e,200.0
380,Pou3f2,Eif5,#d79b9e1a,1.0151318682497168,#d79b9e,200.0
381,Pou3f2,Atp1a2,#d79b9e1a,1.0139212715953543,#d79b9e,200.0
382,Pou3f2,Dner,#d79b9e1a,1.005333805501742,#d79b9e,200.0
383,Pou3f2,Fgfr1,#d79b9e1a,1.0028610939210134,#d79b9e,200.0
384,Pou3f2,Rfx4,#d79b9e1a,1.0048406383776147,#d79b9e,200.0
385,Pou3f2,Sox9,#d79b9e1a,1.0098203901475855,#d79b9e,200.0
386,Pou3f2,Map2k2,#d79b9e1a,1.0062718755404922,#d79b9e,200.0
387,Pou3f2,Iqgap3,#d79b9e1a,1.002624463112991,#d79b9e,200.0
388,Pou3f2,Ephb1,#d79b9e1a,1.0136151267429956,#d79b9e,200.0
389,Pou3f2,Abat,#d79b9e1a,1.032928658601549,#d79b9e,200.0
390,Pou3f2,Jakmip2,#d79b9e1a,1.0025732906315135,#d79b9e,200.0
391,Pou3f2,Elavl2,#d79b9e1a,1.031962219967837,#d79b9e,200.0
392,Pou3f2,Sparcl1,#d79b9e1a,1.0030233087422191,#d79b9e,200.0
393,Pou3f2,Trp53i11,#d79b9e1a,1.024906237690741,#d79b9e,200.0
394,Pou3f2,Nav2,#d79b9e37,1.1068204247824434,#d79b9e,206.9650655021834
395,Pou3f2,Pgap1,#d79b9e1a,1.002681297417852,#d79b9e,200.0
396,Pou3f3,Kif21a,#6fecdb20,1.061939696108305,#6fecdb,201.44104803493448
397,Pou3f3,Aspm,#6fecdb1a,1.0119818273417032,#6fecdb,200.0
398,Pou3f3,Dennd1a,#6fecdb1a,1.0048738284713044,#6fecdb,200.0
399,Pou3f3,Sorbs2,#6fecdb1a,1.0028776733665883,#6fecdb,200.0
400,Pou3f3,Igsf8,#6fecdb1a,1.0069252218730897,#6fecdb,200.0
401,Pou3f3,Nr2f1,#6fecdb1a,1.0172843549305133,#6fecdb,200.0
402,Pou3f3,Celsr1,#6fecdb1a,1.0121287774251684,#6fecdb,200.0
403,Pou3f3,Rbfox3,#6fecdb1a,1.0105987415221431,#6fecdb,200.0
404,Pou3f3,Pax6,#6fecdb1a,1.0253693466884672,#6fecdb,200.0
405,Pou3f3,Slco5a1,#6fecdb1a,1.0321679865954059,#6fecdb,200.0
406,Pou3f3,Rnf165,#6fecdb1a,1.0032330625486072,#6fecdb,200.0
407,Pou3f3,Fgfbp3,#6fecdb1a,1.0049797046638156,#6fecdb,200.0
408,Pou3f3,Elavl2,#6fecdb1a,1.0033560700328354,#6fecdb,200.0
409,Pou4f1,Psmd8,#94ee881a,1.0155947873790037,#94ee88,200.0
410,Rfx4,Nkain4,#1869341a,1.023194193436038,#186934,200.0
411,Rfx4,Rfx4,#18693450,1.1549632167408017,#186934,212.96943231441048
412,Rfx4,Sparcl1,#18693434,1.100367040116991,#186934,206.24454148471614
413,Rfx4,Msi1,#1869341a,1.0051703254480469,#186934,200.0
414,Rfx4,Wwc1,#1869341a,1.0216139128419721,#186934,200.0
415,Rfx4,Sox2,#1869341a,1.0308665633701735,#186934,200.0
416,Rfx4,Ttyh1,#18693443,1.129418904440693,#186934,209.84716157205239
417,Rfx4,Ptpn13,#18693425,1.0700151315284465,#186934,202.64192139737992
418,Rfx4,Fgfr3,#1869341a,1.015292174247534,#186934,200.0
419,Satb1,Lrp1,#83e1131a,1.0056225714991105,#83e113,200.0
420,Satb1,Ube2q1,#83e1131a,1.0113088978010134,#83e113,200.0
421,Smad1,Igsf8,#6391d21a,1.0047741258780816,#6391d2,200.0
422,Smad1,Kif21a,#6391d21a,1.0010089012785544,#6391d2,200.0
423,Smad1,Sparcl1,#6391d21a,1.000770900324466,#6391d2,200.0
424,Smad1,Mt3,#6391d21a,1.001172874080622,#6391d2,200.0
425,Smad1,Ppp1r1a,#6391d21a,1.0022359215529453,#6391d2,200.0
426,Sox1,Sox2,#6e80641a,1.0175682474101315,#6e8064,200.0
427,Sox1,Tacc3,#6e80641a,1.003372850905626,#6e8064,200.0
428,Sox1,Nr2f1,#6e80641a,1.007980658737297,#6e8064,200.0
429,Sox1,Trp53,#6e80641a,1.0022096738730983,#6e8064,200.0
430,Sox1,Ptx3,#6e80641a,1.023829702999339,#6e8064,200.0
431,Sox1,Foxg1,#6e80641a,1.0003906595417387,#6e8064,200.0
432,Sox1,Celsr2,#6e80641a,1.002630621169109,#6e8064,200.0
433,Sox1,Epha3,#6e80641a,1.0035721196825453,#6e8064,200.0
434,Sox11,Cadps,#e350882e,1.0893535051183116,#e35088,204.80349344978166
435,Sox11,Kif21a,#e350881a,1.0302212469145358,#e35088,200.0
436,Sox11,Pak3,#e350881a,1.0410831270728291,#e35088,200.0
437,Sox11,Cadm4,#e3508823,1.0675925952138738,#e35088,202.16157205240174
438,Sox11,Nedd4l,#e350882e,1.0880452609051527,#e35088,204.80349344978166
439,Sox11,Trp53i11,#e350881a,1.0469701946046202,#e35088,200.0
440,Sox11,Sorbs2,#e3508841,1.125172431118765,#e35088,209.36681222707423
441,Sox11,Nfib,#e350881e,1.0565209108033302,#e35088,200.96069868995633
442,Sox11,Enc1,#e350881b,1.0504273892436649,#e35088,200.24017467248908
443,Sox11,Nr2f1,#e350881e,1.0572456697569828,#e35088,200.96069868995633
444,Sox11,Ndufv3,#e350881a,1.0195088151364404,#e35088,200.0
445,Sox11,Sars,#e350881a,1.0442242076355628,#e35088,200.0
446,Sox11,Vangl2,#e350881a,1.0227177920519166,#e35088,200.0
447,Sox11,Tuba1a,#e3508870,1.2184886528954813,#e35088,220.65502183406113
448,Sox11,Tenm2,#e350881a,1.0309897476762984,#e35088,200.0
449,Sox11,Ccdc50,#e350881a,1.042833673745841,#e35088,200.0
450,Sox11,Atxn10,#e3508822,1.0657599673926992,#e35088,201.92139737991266
451,Sox11,Tnks2,#e350881a,1.0423003791349954,#e35088,200.0
452,Sox11,Nol7,#e350881a,1.0190126670327293,#e35088,200.0
453,Sox11,Cep164,#e350881a,1.032351370154012,#e35088,200.0
454,Sox11,Bag6,#e3508823,1.0665204276956766,#e35088,202.16157205240174
455,Sox11,Rnf165,#e3508852,1.160192232172884,#e35088,213.44978165938863
456,Sox11,Foxg1,#e350882f,1.089722704306158,#e35088,205.04366812227073
457,Sox11,Epha3,#e350881a,1.0306989770285098,#e35088,200.0
458,Sox11,Srrm3,#e350882d,1.0864618519344713,#e35088,204.56331877729258
459,Sox11,Ncapd3,#e350881a,1.0359187616963312,#e35088,200.0
460,Sox11,Vezf1,#e350881a,1.01808440592237,#e35088,200.0
461,Sox11,Nckap5,#e350881a,1.0236720523083704,#e35088,200.0
462,Sox11,Eif4a1,#e350881a,1.0470283321471558,#e35088,200.0
463,Sox11,Cdk5r1,#e350883b,1.1135148850535,#e35088,207.92576419213972
464,Sox2,Hsd17b12,#97beb11a,1.0470078478767832,#97beb1,200.0
465,Sox2,Fgfr3,#97beb129,1.0784636657754145,#97beb1,203.60262008733625
466,Sox2,Kif21a,#97beb11a,1.0187778579013365,#97beb1,200.0
467,Sox2,Fgfbp3,#97beb11a,1.0314496616762947,#97beb1,200.0
468,Sox2,Celsr2,#97beb11f,1.0593329340105293,#97beb1,201.2008733624454
469,Sox2,Vezf1,#97beb12c,1.0849446148726118,#97beb1,204.32314410480348
470,Sox2,Msi1,#97beb134,1.101073284713233,#97beb1,206.24454148471614
471,Sox2,Fez1,#97beb11a,1.0271726237052736,#97beb1,200.0
472,Sox2,Napg,#97beb11a,1.0443501662401578,#97beb1,200.0
473,Sox2,Cadm4,#97beb11a,1.0233533633719505,#97beb1,200.0
474,Sox2,Igsf8,#97beb11a,1.0105968902300246,#97beb1,200.0
475,Sox2,Ncapd3,#97beb11a,1.0113322640110025,#97beb1,200.0
476,Sox2,Pax6,#97beb139,1.110547606896917,#97beb1,207.44541484716157
477,Sox2,Mt3,#97beb161,1.1894635144711299,#97beb1,217.05240174672488
478,Sox2,Srgap3,#97beb11a,1.0150485982931716,#97beb1,200.0
479,Sox2,Cuedc1,#97beb11a,1.023979144144878,#97beb1,200.0
480,Sox2,Nfib,#97beb11a,1.0205641318858003,#97beb1,200.0
481,Sox2,Sox9,#97beb161,1.1889319354213235,#97beb1,217.05240174672488
482,Sox2,Sox2,#97beb196,1.2925089595247568,#97beb1,229.7816593886463
483,Sox2,Cdkn1b,#97beb11a,1.0147788044510677,#97beb1,200.0
484,Sox2,Tspan18,#97beb11a,1.0132442181519374,#97beb1,200.0
485,Sox2,Fabp7,#97beb18c,1.2735305152849494,#97beb1,227.37991266375545
486,Sox2,Notch1,#97beb15d,1.1803707495419362,#97beb1,216.09170305676855
487,Sox2,Nr2f1,#97beb158,1.1713161219805328,#97beb1,214.89082969432314
488,Sox2,Ttyh1,#97beb179,1.2357874348555768,#97beb1,222.81659388646287
489,Sox2,R3hdm2,#97beb11a,1.012322650011596,#97beb1,200.0
490,Sox2,Hmgb2,#97beb12e,1.0886941160149415,#97beb1,204.80349344978166
491,Sox2,Vangl2,#97beb13a,1.1117790171067585,#97beb1,207.68558951965065
492,Sox2,Atp1a2,#97beb124,1.0693344352663947,#97beb1,202.4017467248908
493,Sox2,Slc1a3,#97beb167,1.201374412510645,#97beb1,218.4934497816594
494,Sox2,Nfia,#97beb11a,1.029582718582173,#97beb1,200.0
495,Sox2,Lrp1,#97beb11a,1.0174485653676062,#97beb1,200.0
496,Sox2,Ncor2,#97beb11a,1.0155558007691794,#97beb1,200.0
497,Sox2,Rfx4,#97beb13f,1.1212387065007021,#97beb1,208.88646288209605
498,Sox2,Rnaseh2b,#97beb11a,1.0195342941908725,#97beb1,200.0
499,Sox2,Nckap5,#97beb11a,1.0106306748275684,#97beb1,200.0
500,Sox2,Sparcl1,#97beb11a,1.02573219871156,#97beb1,200.0
501,Sox2,Mpdz,#97beb125,1.0699032057565008,#97beb1,202.64192139737992
502,Sox21,Sox2,#3cc82e1a,1.0061733815573914,#3cc82e,200.0
503,Sox21,Rfx4,#3cc82e1a,1.006480545101022,#3cc82e,200.0
504,Sox21,Fgfbp3,#3cc82e1a,1.0027905275287172,#3cc82e,200.0
505,Sox21,Sparcl1,#3cc82e1a,1.0023334971295468,#3cc82e,200.0
506,Sox21,Eif4a1,#3cc82e1a,1.001100019581651,#3cc82e,200.0
507,Sox21,Sox9,#3cc82e1a,1.0089283431603868,#3cc82e,200.0
508,Sox21,Celsr2,#3cc82e1a,1.006287713077962,#3cc82e,200.0
509,Sox21,Ppp1r1a,#3cc82e1a,1.0010236671077595,#3cc82e,200.0
510,Sox4,Nfib,#2dff051a,1.0471930521021577,#2dff05,200.0
511,Sox4,Cadps,#2dff0528,1.0770196683819564,#2dff05,203.36244541484714
512,Sox4,Map2,#2dff05a2,1.3168229513816945,#2dff05,232.66375545851528
513,Sox4,Dazap1,#2dff054a,1.1439249223524215,#2dff05,211.52838427947597
514,Sox4,Cttnbp2nl,#2dff051a,1.0460273656780252,#2dff05,200.0
515,Sox4,Kif21a,#2dff054c,1.148461142574435,#2dff05,212.00873362445415
516,Sox4,Celsr2,#2dff052d,1.0868750349448624,#2dff05,204.56331877729258
517,Sox4,Eif4a1,#2dff0523,1.0671352756670083,#2dff05,202.16157205240174
518,Sox4,Vezf1,#2dff0526,1.0731060862661104,#2dff05,202.882096069869
519,Sox4,Msi1,#2dff051a,1.0378008681811788,#2dff05,200.0
520,Sox4,Cdk5r1,#2dff057d,1.244310504832679,#2dff05,223.7772925764192
521,Sox4,Pak3,#2dff0541,1.1255717831816907,#2dff05,209.36681222707423
522,Sox4,Fez1,#2dff051e,1.0561979966075075,#2dff05,200.96069868995633
523,Sox4,Napg,#2dff052b,1.0826432849446683,#2dff05,204.0829694323144
524,Sox4,Nedd4l,#2dff053f,1.1227197184482147,#2dff05,208.88646288209605
525,Sox4,Cadm4,#2dff0545,1.133880592565425,#2dff05,210.32751091703057
526,Sox4,Trp53i11,#2dff054f,1.1544808750568094,#2dff05,212.72925764192138
527,Sox4,Sorbs2,#2dff055d,1.180934523725779,#2dff05,216.09170305676855
528,Sox4,Cep164,#2dff0529,1.0789942260669103,#2dff05,203.60262008733625
529,Sox4,Srgap3,#2dff0535,1.1026019127390227,#2dff05,206.48471615720524
530,Sox4,Ntrk2,#2dff0525,1.0706456661398684,#2dff05,202.64192139737992
531,Sox4,Cuedc1,#2dff051b,1.0502327341548683,#2dff05,200.24017467248908
532,Sox4,Rev3l,#2dff053f,1.1226724225056588,#2dff05,208.88646288209605
533,Sox4,Eif5,#2dff051e,1.0561783694260607,#2dff05,200.96069868995633
534,Sox4,Enc1,#2dff0561,1.1888702698154856,#2dff05,217.05240174672488
535,Sox4,Nr2f1,#2dff055c,1.178263828202169,#2dff05,215.85152838427948
536,Sox4,R3hdm2,#2dff0529,1.0786819773828915,#2dff05,203.60262008733625
537,Sox4,Vangl2,#2dff0557,1.1689744228110883,#2dff05,214.65065502183404
538,Sox4,Ndufv3,#2dff051a,1.0360281742194688,#2dff05,200.0
539,Sox4,Sars,#2dff0529,1.0784190498086812,#2dff05,203.60262008733625
540,Sox4,Cct3,#2dff0528,1.0761949789021048,#2dff05,203.36244541484714
541,Sox4,Dnajc2,#2dff051a,1.0501116000230915,#2dff05,200.0
542,Sox4,Nrd1,#2dff051a,1.0384909182958715,#2dff05,200.0
543,Sox4,Foxp1,#2dff051a,1.0417051787502145,#2dff05,200.0
544,Sox4,Hnrnpdl,#2dff0545,1.134089508282883,#2dff05,210.32751091703057
545,Sox4,Tuba1a,#2dff05ff,1.5,#2dff05,255.0
546,Sox4,Apc2,#2dff0582,1.2547683820804418,#2dff05,224.9781659388646
547,Sox4,Lsm12,#2dff0527,1.0750992869532188,#2dff05,203.12227074235807
548,Sox4,Fyn,#2dff0541,1.126241018003274,#2dff05,209.36681222707423
549,Sox4,Atxn10,#2dff0549,1.1420682420779282,#2dff05,211.2882096069869
550,Sox4,Ctnna2,#2dff0553,1.1615524651903155,#2dff05,213.6899563318777
551,Sox4,Tenm2,#2dff054c,1.1482192852174369,#2dff05,212.00873362445415
552,Sox4,Ccdc50,#2dff0536,1.1051190023310218,#2dff05,206.72489082969432
553,Sox4,Tnks2,#2dff0533,1.0981796731780922,#2dff05,206.00436681222706
554,Sox4,Nol7,#2dff051a,1.0444700450525608,#2dff05,200.0
555,Sox4,Sorl1,#2dff051a,1.0409948814707015,#2dff05,200.0
556,Sox4,Lrp1,#2dff051f,1.0597099597799786,#2dff05,201.2008733624454
557,Sox4,Psmc2,#2dff051b,1.050920516558649,#2dff05,200.24017467248908
558,Sox4,Uqcr11,#2dff051c,1.0529972480886378,#2dff05,200.48034934497815
559,Sox4,Bag6,#2dff0540,1.123023551099205,#2dff05,209.12663755458516
560,Sox4,Mgat5,#2dff0521,1.0633127374573816,#2dff05,201.6812227074236
561,Sox4,Rnf165,#2dff058c,1.2737602971467377,#2dff05,227.37991266375545
562,Sox4,Epha3,#2dff052a,1.079898393212327,#2dff05,203.84279475982532
563,Sox4,Srrm3,#2dff0542,1.1271013623816473,#2dff05,209.6069868995633
564,Sox4,Pdcd5,#2dff0520,1.0618089525829986,#2dff05,201.44104803493448
565,Sox4,Copb2,#2dff051a,1.04514321700382,#2dff05,200.0
566,Sox5,Nckap5,#05b5411a,1.0272855010837598,#05b541,200.0
567,Sox5,Nfib,#05b54149,1.1413376061915705,#05b541,211.2882096069869
568,Sox5,Smarca2,#05b5411a,1.0031281576400481,#05b541,200.0
569,Sox5,Nr2f1,#05b5411a,1.0159398617090867,#05b541,200.0
570,Sox5,Foxg1,#05b54126,1.072196144314231,#05b541,202.882096069869
571,Sox5,Wwc1,#05b5412c,1.0846879510271137,#05b541,204.32314410480348
572,Sox5,Kcnq3,#05b54146,1.1364802001370833,#05b541,210.56768558951964
573,Sox5,Mt3,#05b5411a,1.0029549934956505,#05b541,200.0
574,Sox5,Itsn1,#05b5411a,1.0052186142925663,#05b541,200.0
575,Sox5,Ccnd2,#05b5411a,1.0041787522385128,#05b541,200.0
576,Sox5,Sox9,#05b5411a,1.0303411815163377,#05b541,200.0
577,Sox5,Pdcd11,#05b5411a,1.00426501837177,#05b541,200.0
578,Sox5,Arpp21,#05b54126,1.0721579678273472,#05b541,202.882096069869
579,Sox5,Epha3,#05b5411a,1.0074010406816618,#05b541,200.0
580,Sox5,Rbp1,#05b5411a,1.0040040069500713,#05b541,200.0
581,Sox5,Adamts3,#05b54124,1.0689613996601641,#05b541,202.4017467248908
582,Sox5,Nfia,#05b5411a,1.0350934681269965,#05b541,200.0
583,Sox8,Nckap5,#d4005a1a,1.0017917826757157,#d4005a,200.0
584,Sox8,Sox2,#d4005a1a,1.0022767919321236,#d4005a,200.0
585,Sox8,Sparcl1,#d4005a1a,1.0276025552601136,#d4005a,200.0
586,Sox8,Eif5,#d4005a1a,1.0026192585036877,#d4005a,200.0
587,Sox8,Sox9,#d4005a1a,1.0003576435066521,#d4005a,200.0
588,Sox8,Ppp1r1a,#d4005a1a,1.0004001506936089,#d4005a,200.0
589,Sox9,Fgfr3,#23aca821,1.0635158228499733,#23aca8,201.6812227074236
590,Sox9,Kif21a,#23aca81a,1.0313296126146925,#23aca8,200.0
591,Sox9,Fgfbp3,#23aca833,1.0979740622397667,#23aca8,206.00436681222706
592,Sox9,Celsr2,#23aca848,1.139396518188188,#23aca8,211.04803493449782
593,Sox9,Reep3,#23aca81a,1.0209802560049053,#23aca8,200.0
594,Sox9,Fez1,#23aca81a,1.0126308874184213,#23aca8,200.0
595,Sox9,Wwc1,#23aca81a,1.021993448304636,#23aca8,200.0
596,Sox9,Mt3,#23aca827,1.0745888810390554,#23aca8,203.12227074235807
597,Sox9,Ntrk2,#23aca828,1.0768743074981664,#23aca8,203.36244541484714
598,Sox9,Cuedc1,#23aca81a,1.035534896004623,#23aca8,200.0
599,Sox9,Nfib,#23aca81a,1.0121057865085155,#23aca8,200.0
600,Sox9,Sox9,#23aca8b7,1.3587267658764068,#23aca8,237.707423580786
601,Sox9,Sox2,#23aca833,1.0991220968370183,#23aca8,206.00436681222706
602,Sox9,Ppp1r1a,#23aca81a,1.0064336210970188,#23aca8,200.0
603,Sox9,Prex1,#23aca81a,1.046335502334285,#23aca8,200.0
604,Sox9,Tspan18,#23aca83c,1.1166660903067946,#23aca8,208.1659388646288
605,Sox9,Ttyh1,#23aca87e,1.2463156949965928,#23aca8,224.0174672489083
606,Sox9,Celsr1,#23aca81a,1.0244702678956332,#23aca8,200.0
607,Sox9,Pax3,#23aca822,1.0653198722497832,#23aca8,201.92139737991266
608,Sox9,Vangl2,#23aca81a,1.0194707675731023,#23aca8,200.0
609,Sox9,Tacc3,#23aca81a,1.005250622015342,#23aca8,200.0
610,Sox9,Ncor2,#23aca81d,1.0546144157775206,#23aca8,200.72052401746723
611,Sox9,Atp1a2,#23aca81d,1.054160546427806,#23aca8,200.72052401746723
612,Sox9,Slc1a3,#23aca87e,1.2469578100511907,#23aca8,224.0174672489083
613,Sox9,Fgfr1,#23aca855,1.1654731299644163,#23aca8,214.1703056768559
614,Sox9,Nfia,#23aca81a,1.0177009126038443,#23aca8,200.0
615,Sox9,Rfx4,#23aca81a,1.0154760087250267,#23aca8,200.0
616,Sox9,Trp53,#23aca81a,1.0099083884765405,#23aca8,200.0
617,Sox9,Foxg1,#23aca81a,1.005238656399922,#23aca8,200.0
618,Sox9,Vezf1,#23aca81a,1.0192088525968144,#23aca8,200.0
619,Sox9,Nckap5,#23aca81a,1.0280830934197733,#23aca8,200.0
620,Sox9,Sparcl1,#23aca829,1.0786161448130842,#23aca8,203.60262008733625
621,Sp7,Col1a1,#5f351725,1.070502621216108,#5f3517,202.64192139737992
622,Taf1,Atp5o,#3836b61a,1.0002373098300206,#3836b6,200.0
623,Taf1,Dctn1,#3836b61a,1.0002053095218286,#3836b6,200.0
624,Taf1,Rufy3,#3836b61a,1.0044318676168846,#3836b6,200.0
625,Taf1,Grsf1,#3836b61a,1.012614959518579,#3836b6,200.0
626,Tead4,Tnnt3,#d7e11a1a,1.020634767019755,#d7e11a,200.0
627,Ybx1,Hmgb1,#03e6bd90,1.2814226857630027,#03e6bd,228.34061135371178
628,Ybx1,N4bp2,#03e6bd38,1.1088294886731804,#03e6bd,207.20524017467247
629,Ybx1,Anp32e,#03e6bd2a,1.080608673345168,#03e6bd,203.84279475982532
630,Ybx1,Bzw2,#03e6bd2d,1.0856683030035919,#03e6bd,204.56331877729258
631,Ybx1,Syt1,#03e6bd1a,1.0337143777898,#03e6bd,200.0
632,Ybx1,Nol7,#03e6bd40,1.123836669372028,#03e6bd,209.12663755458516
633,Ybx1,Snrpd2,#03e6bd1a,1.0497088067841978,#03e6bd,200.0
634,Ybx1,Actr2,#03e6bd38,1.1081027893220474,#03e6bd,207.20524017467247
635,Ybx1,Pxk,#03e6bd1a,1.0251759141890484,#03e6bd,200.0
636,Ybx1,Hnrnpdl,#03e6bd27,1.075134840430585,#03e6bd,203.12227074235807
637,Ybx1,Dctn1,#03e6bd1a,1.0251395093193836,#03e6bd,200.0
638,Ybx1,Snw1,#03e6bd49,1.1425570636928601,#03e6bd,211.2882096069869
639,Ybx1,Spire1,#03e6bd1b,1.051116432763082,#03e6bd,200.24017467248908
640,Ybx1,Syne2,#03e6bd40,1.123581473212843,#03e6bd,209.12663755458516
641,Ybx1,Nop14,#03e6bd1c,1.0539597985001874,#03e6bd,200.48034934497815
642,Ybx1,Anapc5,#03e6bd24,1.0679511737159877,#03e6bd,202.4017467248908
643,Ybx1,Pds5a,#03e6bd1a,1.029693128890834,#03e6bd,200.0
644,Ybx1,Nrd1,#03e6bd3a,1.112408728724167,#03e6bd,207.68558951965065
645,Ybx1,Atp1b1,#03e6bd1a,1.024973181857754,#03e6bd,200.0
646,Ybx1,Vezf1,#03e6bd1a,1.0332796145601824,#03e6bd,200.0
647,Ybx1,Uqcr11,#03e6bd34,1.099516000471593,#03e6bd,206.24454148471614
648,Ybx1,Spcs2,#03e6bd22,1.0650370546696448,#03e6bd,201.92139737991266
649,Ybx1,Rnps1,#03e6bd25,1.0702304494168176,#03e6bd,202.64192139737992
650,Ybx1,Cox6b1,#03e6bd1b,1.0504894349877698,#03e6bd,200.24017467248908
651,Ybx1,Nfib,#03e6bd1a,1.0363853310513131,#03e6bd,200.0
652,Ybx1,Apc2,#03e6bd1a,1.027455825277548,#03e6bd,200.0
653,Ybx1,Tcp1,#03e6bd33,1.0977574510032035,#03e6bd,206.00436681222706
654,Ybx1,Cuedc1,#03e6bd1b,1.0504607808995483,#03e6bd,200.24017467248908
655,Ybx1,Cct3,#03e6bd34,1.1001696763429376,#03e6bd,206.24454148471614
656,Ybx1,Slirp,#03e6bd1a,1.0484950668109516,#03e6bd,200.0
657,Ybx1,Rnf165,#03e6bd3e,1.1199694324277782,#03e6bd,208.64628820960698
658,Ybx1,Ube2q1,#03e6bd1a,1.0253691261568871,#03e6bd,200.0
659,Zbtb5,Gabbr2,#a8ce221a,1.02561920504234,#a8ce22,200.0
660,Zfp148,Apc2,#8096dd1a,1.0056211725922612,#8096dd,200.0
661,Ascl1,Uqcr11,#cee1f41a,1.0334566096414424,#cee1f4,200.0
662,Bach1,Mgat5,#d9d0ae1a,1.0102082293586137,#d9d0ae,200.0
663,Bclaf1,Zc3h15,#9e9f031a,1.0083910176274955,#9e9f03,200.0
664,Bclaf1,Golm1,#9e9f031a,1.0169089194957253,#9e9f03,200.0
665,Bclaf1,Mrps35,#9e9f031a,1.0173840787408455,#9e9f03,200.0
666,Bclaf1,Cdo1,#9e9f031a,1.0045380849510575,#9e9f03,200.0
667,Bclaf1,Hnrnpdl,#9e9f031a,1.0062681688412225,#9e9f03,200.0
668,Bclaf1,Dctn1,#9e9f031a,1.0047563960228645,#9e9f03,200.0
669,Bclaf1,Uqcr11,#9e9f031a,1.010154717280383,#9e9f03,200.0
670,Bclaf1,Cep70,#9e9f031a,1.00798207848323,#9e9f03,200.0
671,Bclaf1,Atp6v1d,#9e9f031a,1.0198855023171154,#9e9f03,200.0
672,Chd1,Zc3h15,#6853cf1a,1.0023886106809405,#6853cf,200.0
673,Chd1,Kif21a,#6853cf1a,1.0017334228273642,#6853cf,200.0
674,Chd1,Anp32e,#6853cf1a,1.0014370639672243,#6853cf,200.0
675,Chd1,Nr2f1,#6853cf1a,1.0007361305064757,#6853cf,200.0
676,Chd1,Grsf1,#6853cf1a,1.0330127953106774,#6853cf,200.0
677,Chd1,Ctnna2,#6853cf1a,1.0053502139977837,#6853cf,200.0
678,Chd1,Gcc2,#6853cf1a,1.0012403863893722,#6853cf,200.0
679,Chd1,Kif21b,#6853cf1a,1.0022935439346168,#6853cf,200.0
680,Chd1,Smg7,#6853cf1a,1.0014729051994364,#6853cf,200.0
681,Chd1,Ccnd2,#6853cf1a,1.002893059809979,#6853cf,200.0
682,Cux2,Meis1,#973ed61a,1.00444454904934,#973ed6,200.0
683,Cux2,Cdk14,#973ed61a,1.0028631588762653,#973ed6,200.0
684,Cux2,Tle1,#973ed61a,1.0040701612500635,#973ed6,200.0
685,Cux2,Myt1l,#973ed61a,1.0076604252747536,#973ed6,200.0
686,Cux2,Epha5,#973ed61a,1.0046967324140084,#973ed6,200.0
687,Cux2,Arpp21,#973ed61a,1.009199171554574,#973ed6,200.0
688,Cux2,Cuedc1,#973ed61a,1.0099732926750618,#973ed6,200.0
689,Cux2,Enc1,#973ed61a,1.0277827821145045,#973ed6,200.0
690,Cux2,Nr2f1,#973ed61a,1.0005383652948034,#973ed6,200.0
691,Cux2,Rbfox3,#973ed61a,1.012900765893505,#973ed6,200.0
692,Cux2,Clasp2,#973ed61a,1.0015888986861163,#973ed6,200.0
693,Cux2,Psmc2,#973ed61a,1.0090949589634022,#973ed6,200.0
694,Cux2,Slirp,#973ed61a,1.0019515702766015,#973ed6,200.0
695,Cux2,Ndufaf6,#973ed61a,1.0095125737416706,#973ed6,200.0
696,Cxxc1,Phyhipl,#1c5d601a,1.0006881985527227,#1c5d60,200.0
697,Dido1,Col2a1,#412ae61a,1.0015534607474659,#412ae6,200.0
698,Eomes,Celsr1,#4df73060,1.1868791389919058,#4df730,216.8122270742358
699,Eomes,Igsf8,#4df7301a,1.0128300734609212,#4df730,200.0
700,Eomes,Pax6,#4df7301a,1.0157731225457203,#4df730,200.0
701,Eomes,Ncapd3,#4df7301a,1.013296290615884,#4df730,200.0
702,Eomes,Mt3,#4df7301a,1.0079073946858843,#4df730,200.0
703,Eomes,Ppp1r1a,#4df7301a,1.0240660400958004,#4df730,200.0
704,Eomes,Nr2f1,#4df7301a,1.0491250033349222,#4df730,200.0
705,Ep300,Cuedc1,#6ef24b1a,1.0012884172031187,#6ef24b,200.0
706,Ep300,Cdk14,#6ef24b1a,1.0200689364334448,#6ef24b,200.0
707,Ep300,Dmtf1,#6ef24b1a,1.0024594347141178,#6ef24b,200.0
708,Ep300,Ntrk2,#6ef24b1a,1.0026441412795923,#6ef24b,200.0
709,Ep300,Abca1,#6ef24b1a,1.0022334204405121,#6ef24b,200.0
710,Etv6,Atp1a2,#02e6e81a,1.0085666245808393,#02e6e8,200.0
711,Etv6,Actr2,#02e6e81a,1.0022921743842512,#02e6e8,200.0
712,Foxg1,Nfib,#c206df32,1.0964517401366207,#c206df,205.764192139738
713,Foxg1,Sorl1,#c206df1a,1.013878336318279,#c206df,200.0
714,Foxo3,Fgfr3,#cc56f11a,1.0069207272507317,#cc56f1,200.0
715,Foxo3,Lrp1,#cc56f11a,1.0036245726252384,#cc56f1,200.0
716,Foxo3,Col9a1,#cc56f11a,1.0055431866419806,#cc56f1,200.0
717,Foxo3,Acan,#cc56f11a,1.0054975658291199,#cc56f1,200.0
718,Gcm1,Kif23,#89eeb11a,1.00163688225284,#89eeb1,200.0
719,Hcfc1,Psmc3,#ece7121a,1.002717228997541,#ece712,200.0
720,Hdac2,Zc2hc1a,#a0bbcf1a,1.0024222782989258,#a0bbcf,200.0
721,Hdac2,Zfp326,#a0bbcf1a,1.0007131379531138,#a0bbcf,200.0
722,Hdac2,Rufy3,#a0bbcf1a,1.0032651422134806,#a0bbcf,200.0
723,Hdac2,Pam,#a0bbcf1a,1.0005918552261244,#a0bbcf,200.0
724,Hdac2,Scg3,#a0bbcf1a,1.0061832776649582,#a0bbcf,200.0
725,Hdac2,Dctn1,#a0bbcf1a,1.0016430763987136,#a0bbcf,200.0
726,Hdac2,Fzd3,#a0bbcf1a,1.003867041319148,#a0bbcf,200.0
727,Hdac2,Slco5a1,#a0bbcf1a,1.0039776375357434,#a0bbcf,200.0
728,Hdac2,Prkar2b,#a0bbcf1a,1.002296697305153,#a0bbcf,200.0
729,Hdac2,Elavl2,#a0bbcf1a,1.0218882661273223,#a0bbcf,200.0
730,Hdac2,Cadm4,#a0bbcf1a,1.0024681194445784,#a0bbcf,200.0
731,Hdac2,Dazap1,#a0bbcf1a,1.0041187554917774,#a0bbcf,200.0
732,Hdac2,Phyhipl,#a0bbcf1a,1.0011363033401024,#a0bbcf,200.0
733,Hdac2,Dusp11,#a0bbcf1a,1.0002928442618158,#a0bbcf,200.0
734,Hdac2,Ctnna2,#a0bbcf1a,1.00107229042749,#a0bbcf,200.0
735,Hdac2,Tmem59,#a0bbcf1a,1.0008379087471884,#a0bbcf,200.0
736,Hdac2,Mthfd1,#a0bbcf1a,1.0006008780062166,#a0bbcf,200.0
737,Hdac2,Thoc5,#a0bbcf1a,1.0034984701766276,#a0bbcf,200.0
738,Hdac2,Cep70,#a0bbcf1a,1.001700399699985,#a0bbcf,200.0
739,Hdac2,Acadm,#a0bbcf1a,1.0006033152435523,#a0bbcf,200.0
740,Hltf,Sars,#ac77381a,1.0015428938759112,#ac7738,200.0
741,Ilf3,Col2a1,#a425201a,1.0116560482728356,#a42520,200.0
742,Jund,Sox9,#66ce861a,1.0004670005917762,#66ce86,200.0
743,Nfic,Dazap1,#ec96a01a,1.0033891142348852,#ec96a0,200.0
744,Nfic,Tacc3,#ec96a01a,1.0044594628580277,#ec96a0,200.0
745,Nfic,Acan,#ec96a01a,1.0091805327481673,#ec96a0,200.0
746,Nfic,Col12a1,#ec96a01a,1.0107758608684354,#ec96a0,200.0
747,Nfic,Robo3,#ec96a01a,1.004787080005467,#ec96a0,200.0
748,Nfic,Col2a1,#ec96a01a,1.032515910968371,#ec96a0,200.0
749,Nr2e1,Aspm,#e029651a,1.0497771804008853,#e02965,200.0
750,Nr2e1,Cyb5r4,#e029651a,1.0032744590517586,#e02965,200.0
751,Nr2e1,Commd7,#e029651a,1.0029584788358674,#e02965,200.0
752,Nr2e1,Fabp7,#e029651a,1.0334629212528372,#e02965,200.0
753,Nr2e1,Fgfr3,#e029651a,1.015835864676435,#e02965,200.0
754,Nr2e1,Hmgb2,#e0296530,1.0918156024744305,#e02965,205.2838427947598
755,Nr2f1,Fgfr3,#73bc473c,1.1159966800670502,#73bc47,208.1659388646288
756,Nr2f1,Adamts3,#73bc471a,1.0085598145773704,#73bc47,200.0
757,Nr2f1,Nr2f1,#73bc47c0,1.375018425942825,#73bc47,239.86899563318775
758,Nr2f1,Igsf8,#73bc471a,1.0037444325851184,#73bc47,200.0
759,Nr2f1,Tacc3,#73bc471a,1.0071462816064014,#73bc47,200.0
760,Nr2f1,Fez1,#73bc471a,1.010311242491849,#73bc47,200.0
761,Nr2f1,Atp1a2,#73bc471a,1.0321679219923492,#73bc47,200.0
762,Nr2f1,Epha3,#73bc471a,1.0366070981217905,#73bc47,200.0
763,Nr2f1,Cyb5r4,#73bc471a,1.0050023700418516,#73bc47,200.0
764,Nr2f1,Cdkn1b,#73bc471a,1.0070886010492084,#73bc47,200.0
765,Nr2f1,Fabp7,#73bc471a,1.018662308325124,#73bc47,200.0
766,Nr2f1,Sox2,#73bc4751,1.15774974782283,#73bc47,213.20960698689956
767,Nr2f1,Uqcr11,#73bc471a,1.0034590799460255,#73bc47,200.0
768,Nr2f1,Fgfbp3,#73bc471a,1.0045201451085457,#73bc47,200.0
769,Nr2f1,Sorl1,#73bc471a,1.0093605517569966,#73bc47,200.0
770,Nr2f1,Mapre1,#73bc471a,1.007737410853774,#73bc47,200.0
771,Otx2,Msi1,#f3c9101a,1.011702273610143,#f3c910,200.0
772,Otx2,Id2,#f3c9101a,1.0055932559559457,#f3c910,200.0
773,Phf20,Agtpbp1,#fa823f1a,1.0017794979109123,#fa823f,200.0
774,Phf20,Tnik,#fa823f1a,1.0015141979904023,#fa823f,200.0
775,Phf20,Hnrnpdl,#fa823f1a,1.0018727935499756,#fa823f,200.0
776,Phf20,Actr2,#fa823f1a,1.0062913959044253,#fa823f,200.0
777,Phox2b,Tenm2,#c31a7e1a,1.0169781548309775,#c31a7e,200.0
778,Phox2b,Nfasc,#c31a7e1a,1.0034597297608143,#c31a7e,200.0
779,Phox2b,Nop14,#c31a7e1a,1.0206836614247368,#c31a7e,200.0
780,Phox2b,Meis1,#c31a7e1a,1.0167059396838598,#c31a7e,200.0
781,Phox2b,Cox6b1,#c31a7e1a,1.0058627947162107,#c31a7e,200.0
782,Phox2b,Tspan18,#c31a7e1a,1.0034372547889174,#c31a7e,200.0
783,Phox2b,Sox9,#c31a7e1a,1.0021449341619357,#c31a7e,200.0
784,Phox2b,Atp2b2,#c31a7e1a,1.0024794484322455,#c31a7e,200.0
785,Rarg,Col1a1,#519f794e,1.1513125921238914,#519f79,212.4890829694323
786,Rarg,Col11a1,#519f791a,1.0170570067562361,#519f79,200.0
787,Rarg,Col9a1,#519f791a,1.0048323550640528,#519f79,200.0
788,Rarg,Rpn2,#519f791a,1.0057127978006826,#519f79,200.0
789,Rcor1,Col11a1,#77c2881a,1.0072756361141806,#77c288,200.0
790,Rcor1,Wwc1,#77c2881a,1.0075813547672574,#77c288,200.0
791,Rcor1,Reep3,#77c2881a,1.001367957805351,#77c288,200.0
792,Rcor1,Ttyh1,#77c2881a,1.011112276811531,#77c288,200.0
793,Rcor1,Vim,#77c2881a,1.0080498620794671,#77c288,200.0
794,Rcor1,Sox9,#77c2881a,1.0017242542177038,#77c288,200.0
795,Rcor1,Notch1,#77c2881a,1.0026295820118947,#77c288,200.0
796,Satb2,Ttc4,#b99db81a,1.0073636228287224,#b99db8,200.0
797,Satb2,Epha5,#b99db81a,1.018826928523748,#b99db8,200.0
798,Satb2,Arpp21,#b99db81a,1.0248349200484723,#b99db8,200.0
799,Satb2,Enc1,#b99db81a,1.007033498512956,#b99db8,200.0
800,Satb2,Ncapd3,#b99db81a,1.0047319812816111,#b99db8,200.0
801,Satb2,Kcnq3,#b99db825,1.0716402187797744,#b99db8,202.64192139737992
802,Smarcc2,Kif5a,#57e3aa1a,1.0099028845872886,#57e3aa,200.0
803,Smarcc2,Atp5o,#57e3aa1a,1.0101602383841775,#57e3aa,200.0
804,Smarcc2,Rab3c,#57e3aa1a,1.0072473163949682,#57e3aa,200.0
805,Smarcc2,Pclo,#57e3aa1a,1.0146079271256554,#57e3aa,200.0
806,Smarcc2,Rnps1,#57e3aa1a,1.0083141907202258,#57e3aa,200.0
807,Smarcc2,Senp7,#57e3aa1a,1.0113969355003647,#57e3aa,200.0
808,Sox3,Kif21a,#57a5da1a,1.0017702339810788,#57a5da,200.0
809,Sox3,Celsr1,#57a5da1a,1.0446189969124435,#57a5da,200.0
810,Sox3,Fgfr3,#57a5da1a,1.010445475158616,#57a5da,200.0
811,Sox3,Msi1,#57a5da1a,1.0345645930383687,#57a5da,200.0
812,Sox3,Ttyh1,#57a5da1a,1.0141353991069613,#57a5da,200.0
813,Sox3,Mt3,#57a5da1a,1.0064923650538917,#57a5da,200.0
814,Sox3,Slc1a3,#57a5da1a,1.001099996183917,#57a5da,200.0
815,Sox3,Sox9,#57a5da1a,1.0065007268417516,#57a5da,200.0
816,Sox3,Trp53,#57a5da1a,1.0120281071345625,#57a5da,200.0
817,Sox3,Foxg1,#57a5da1a,1.0010609792938305,#57a5da,200.0
818,Tcf3,Adamts3,#c6b6981a,1.018392381569541,#c6b698,200.0
819,Tcf4,Exoc6b,#5a1fad1a,1.03711336162409,#5a1fad,200.0
820,Tcf4,Igsf8,#5a1fad38,1.107594838095089,#5a1fad,207.20524017467247
821,Tcf4,Ccnd2,#5a1fad1a,1.0352208294641483,#5a1fad,200.0
822,Tcf4,Eif5,#5a1fad1a,1.0312686757034415,#5a1fad,200.0
823,Tcf4,Wwc1,#5a1fad42,1.1285506132307925,#5a1fad,209.6069868995633
824,Tcf4,Prex1,#5a1fad1a,1.029081169479511,#5a1fad,200.0
825,Tcf4,Nav2,#5a1fad1a,1.018775282113444,#5a1fad,200.0
826,Tcf4,Fyn,#5a1fad1a,1.0393156455934645,#5a1fad,200.0
827,Tcf4,Enc1,#5a1fad1a,1.028965797323634,#5a1fad,200.0
828,Tcf4,Atxn10,#5a1fad1a,1.0477714128091784,#5a1fad,200.0
829,Tcf4,Dazap1,#5a1fad1a,1.0218705369077956,#5a1fad,200.0
830,Tcf4,Adamts3,#5a1fad1a,1.014770497365687,#5a1fad,200.0
831,Tcf4,Sox2,#5a1fad1f,1.0585030967771363,#5a1fad,201.2008733624454
832,Tfap2c,Celsr1,#d1db141a,1.0140761367361135,#d1db14,200.0
833,Tfap2c,Pax6,#d1db141a,1.043841055819227,#d1db14,200.0
834,Tfap2c,Dennd1a,#d1db141a,1.0060692491952958,#d1db14,200.0
835,Tfap2c,Sfrp1,#d1db141a,1.0273123447760433,#d1db14,200.0
836,Thra,Vangl2,#d194061a,1.0175668257824675,#d19406,200.0
837,Thra,Cdk14,#d194061c,1.053208480648995,#d19406,200.48034934497815
838,Thra,Cdk5r1,#d194061d,1.0558325420886256,#d19406,200.72052401746723
839,Thra,Ncan,#d1940636,1.1035152384209803,#d19406,206.72489082969432
840,Thra,Dusp11,#d1940625,1.0702974356051522,#d19406,202.64192139737992
841,Thra,Nrd1,#d194061a,1.0141152503075237,#d19406,200.0
842,Thra,Cadps,#d1940623,1.0675275168492513,#d19406,202.16157205240174
843,Thra,Nr2f1,#d194061a,1.0222206760499906,#d19406,200.0
844,Thra,Top2a,#d194061a,1.0230775980295732,#d19406,200.0
845,Thra,Pak3,#d194061a,1.036956625470674,#d19406,200.0
846,Thra,Tuba1a,#d1940672,1.2216228246590253,#d19406,221.13537117903928
847,Thra,Fyn,#d194061a,1.0421340988867065,#d19406,200.0
848,Thra,Rev3l,#d1940620,1.0611626862980008,#d19406,201.44104803493448
849,Thra,Celsr2,#d194061a,1.0130502937901487,#d19406,200.0
850,Thra,Rnf165,#d194061a,1.0242957727657123,#d19406,200.0
851,Thra,Enc1,#d1940622,1.064518448840344,#d19406,201.92139737991266
852,Thra,Secisbp2l,#d194061a,1.0243174954407528,#d19406,200.0
853,Thra,Sars,#d194061d,1.0554596599401738,#d19406,200.72052401746723
854,Thra,Srrm3,#d194061a,1.0404265037632077,#d19406,200.0
855,Thra,Csmd2,#d194061a,1.042430262945652,#d19406,200.0
856,Thra,Hmgb2,#d194061a,1.0121399581409085,#d19406,200.0
857,Tlx2,Celsr1,#5255f11a,1.047185603930046,#5255f1,200.0
858,Trp53,Mt3,#b931151a,1.0014605383027468,#b93115,200.0
859,Trp53,Aspm,#b931151a,1.0044869493619186,#b93115,200.0
860,Twist1,Col1a1,#656aba2b,1.081679070787379,#656aba,204.0829694323144
861,Vezf1,Smdt1,#40b1101a,1.0041902028141474,#40b110,200.0
862,Vezf1,Sox9,#40b1101a,1.0456535352995713,#40b110,200.0
863,Vezf1,Cdkn1b,#40b1101a,1.0030596618344427,#40b110,200.0
864,Vezf1,Eif5,#40b1101a,1.0070841154574224,#40b110,200.0
865,Vezf1,Sox2,#40b1101a,1.0375224897471198,#40b110,200.0
866,Vezf1,Dnajc2,#40b1101a,1.0391834910165656,#40b110,200.0
867,Vezf1,Pax3,#40b1101a,1.0111306012549997,#40b110,200.0
868,Vezf1,Wwc1,#40b1101a,1.0035950494702985,#40b110,200.0
869,Vezf1,Atxn10,#40b1101a,1.0043986467559267,#40b110,200.0
870,Vezf1,Tacc3,#40b1101a,1.0176162470288914,#40b110,200.0
871,Vezf1,Tcf4,#40b1101a,1.007249066245497,#40b110,200.0
872,Vezf1,Vezf1,#40b11033,1.0977420998730298,#40b110,206.00436681222706
873,Vezf1,Mgat5,#40b1101a,1.0105800341476916,#40b110,200.0
874,Vezf1,Bcl11a,#40b1101a,1.0030413205126145,#40b110,200.0
875,Vezf1,Pax6,#40b1101a,1.008659839152252,#40b110,200.0
876,Vezf1,Pdcd5,#40b1101a,1.0120330809091964,#40b110,200.0
877,Vezf1,Ptpn13,#40b1101a,1.0049701142967284,#40b110,200.0
878,Yy1,Igsf8,#83e3f81a,1.0072141774874974,#83e3f8,200.0
879,Yy1,Celsr1,#83e3f81a,1.0247031748916153,#83e3f8,200.0
880,Yy1,Atp1a2,#83e3f81a,1.0008424704654655,#83e3f8,200.0
881,Yy1,Nfia,#83e3f81a,1.0071536951954398,#83e3f8,200.0
882,Yy1,Nfib,#83e3f81a,1.0006634966897767,#83e3f8,200.0
883,Yy1,Reep3,#83e3f81a,1.0023627062733336,#83e3f8,200.0
884,Yy1,Secisbp2l,#83e3f81a,1.0015425508433726,#83e3f8,200.0
885,Yy1,Vezf1,#83e3f81a,1.0019561634290504,#83e3f8,200.0
886,Yy1,Fgfr3,#83e3f81a,1.0057180180514174,#83e3f8,200.0
887,Yy1,Ephb1,#83e3f81a,1.0008594791380316,#83e3f8,200.0
888,Zbtb12,Celf4,#421e9a1a,1.0009288994808814,#421e9a,200.0
889,Zbtb12,N4bp2,#421e9a1a,1.0009591186072775,#421e9a,200.0
890,Zbtb12,Mrps35,#421e9a1a,1.0074916302026045,#421e9a,200.0
891,Zbtb12,Atp2b2,#421e9a1a,1.002429504231947,#421e9a,200.0
892,Zbtb20,Fgfr3,#ad78131a,1.0328185209493708,#ad7813,200.0
893,Zbtb20,Msi1,#ad781348,1.1391359189840786,#ad7813,211.04803493449782
894,Zbtb20,Atp5o,#ad78131a,1.0170133166685607,#ad7813,200.0
895,Zbtb20,Ptprz1,#ad781325,1.0705340953895415,#ad7813,202.64192139737992
896,Zbtb20,Nr2f1,#ad78131a,1.0192615943806085,#ad7813,200.0
897,Zbtb20,Tacc3,#ad78131a,1.0214623356436927,#ad7813,200.0
898,Zbtb20,Sox9,#ad78131a,1.041264542549802,#ad7813,200.0
899,Zbtb20,Lrp1,#ad78131a,1.016773491044324,#ad7813,200.0
900,Zbtb20,Rfx4,#ad78131a,1.0192152145933442,#ad7813,200.0
901,Zbtb20,Atp1b1,#ad78131a,1.0385082272195831,#ad7813,200.0
902,Zbtb20,Myo10,#ad78133b,1.1141038564762589,#ad7813,207.92576419213972
903,Zbtb49,Dennd1a,#4d06791a,1.0092550855699314,#4d0679,200.0
904,Zbtb49,Lrp1,#4d06791a,1.0062020848662236,#4d0679,200.0
905,Zbtb49,Copb2,#4d06791a,1.0021664648380586,#4d0679,200.0
906,Zfhx2,Meis1,#d10ca01a,1.0039242360755172,#d10ca0,200.0
907,Zfhx2,Myt1l,#d10ca01a,1.011329496944182,#d10ca0,200.0
908,Zfhx2,Cdk14,#d10ca01a,1.0022495062428736,#d10ca0,200.0
909,Zfhx2,Psmc2,#d10ca01a,1.006864423030672,#d10ca0,200.0
910,Zfhx2,Cadps,#d10ca01a,1.0261650498177348,#d10ca0,200.0
911,Zfhx2,Robo3,#d10ca01a,1.0121481866882223,#d10ca0,200.0
912,Zfhx2,Snap91,#d10ca01a,1.0231663772293837,#d10ca0,200.0
913,Zfhx2,Srgap3,#d10ca01a,1.0040182484381341,#d10ca0,200.0
914,Zfhx2,Tuba1a,#d10ca01a,1.0097697220482929,#d10ca0,200.0
915,Zfhx2,Clasp2,#d10ca01a,1.0038761770418205,#d10ca0,200.0
916,Zfhx2,Atp6v0a1,#d10ca01a,1.0130488325801337,#d10ca0,200.0
917,Zfhx2,Rbp1,#d10ca01a,1.0022571670058997,#d10ca0,200.0
918,Zfhx2,Psmd8,#d10ca01a,1.0027375213562355,#d10ca0,200.0
919,Zfp202,Tnnt3,#15d66922,1.0641410562557567,#15d669,201.92139737991266
920,Zfp217,Pax3,#832e4a1a,1.0038778938594575,#832e4a,200.0
921,Zfp219,Sox2,#9608001a,1.0010345903259845,#960800,200.0
922,Zfp219,Cct3,#9608001a,1.0009788812056362,#960800,200.0
923,Zfp219,Pou3f2,#9608001a,1.0004437696409982,#960800,200.0
924,Zfp219,Pax6,#9608001a,1.0017687327855296,#960800,200.0
925,Zfp354a,Cyb5r4,#5ba6031a,1.0026812292257443,#5ba603,200.0
926,Zfp398,Lrp1,#5af1b81a,1.000336705331705,#5af1b8,200.0
927,Zfp398,Pax3,#5af1b81a,1.002712762298584,#5af1b8,200.0
928,Zfp398,Ppp1r1a,#5af1b81a,1.0,#5af1b8,200.0
929,Zfp398,Pdcd5,#5af1b81a,1.0034053479907143,#5af1b8,200.0
930,Zfp54,Dnajc10,#3c03601a,1.0071566235006537,#3c0360,200.0
931,Zfp553,Pgap1,#498e1e1a,1.0088326297153711,#498e1e,200.0
932,Zfp553,Syt1,#498e1e1a,1.0002557535431142,#498e1e,200.0
933,Zfp553,Tubgcp2,#498e1e1a,1.000248952370413,#498e1e,200.0
934,Zfp566,Apc2,#acc4461a,1.0013026534695415,#acc446,200.0
935,Zfp57,Klf7,#65334b1a,1.0208948867544345,#65334b,200.0
936,Zfp57,Gap43,#65334b1a,1.0081940933966536,#65334b,200.0
937,Zfp57,Rbfox3,#65334b1a,1.0391691541109047,#65334b,200.0
938,Zfp57,Scg3,#65334b1a,1.0294656757916965,#65334b,200.0
939,Zfp57,Atp2b2,#65334b1a,1.0093631992127399,#65334b,200.0
940,Zfp57,Kcnq3,#65334b1a,1.0037947916855146,#65334b,200.0
941,Zfp57,Lrp1,#65334b1a,1.0066822903850532,#65334b,200.0
942,Zfp57,Lrrc7,#65334b1a,1.0134277309899793,#65334b,200.0
943,Zfp57,Apc2,#65334b1a,1.0082526583893463,#65334b,200.0
944,Zfp57,Atox1,#65334b1a,1.0073732375590492,#65334b,200.0
945,Zfp57,Ralgps2,#65334b1a,1.0033821366483264,#65334b,200.0
946,Zfp57,Cox6b1,#65334b1a,1.003535959823998,#65334b,200.0
947,Zfp57,Senp7,#65334b1a,1.0201064008324812,#65334b,200.0
